Id,Predictions
1,Old
2,Very Old
3,New
4,New
5,Old
6,Old
7,Recent
8,Old
9,Recent
10,Very Old
11,Very Old
12,Recent
13,Recent
14,Very Old
15,New
16,Old
17,Old
18,Very Old
19,New
20,Recent
21,Old
22,Very Old
23,Old
24,Recent
25,Old
26,Old
27,Very Old
28,Old
29,Recent
30,Old
31,Recent
32,New
33,New
34,Recent
35,Recent
36,Old
37,Very Old
38,Very Old
39,Old
40,Recent
41,Very Old
42,Old
43,Recent
44,Old
45,Recent
46,Recent
47,Old
48,Recent
49,Very Old
50,Recent
51,Very Old
52,Old
53,Very Old
54,Old
55,New
56,New
57,Old
58,Old
59,Old
60,Old
61,Very Old
62,Very Old
63,Recent
64,New
65,Old
66,Old
67,Old
68,New
69,Old
70,Old
71,Recent
72,New
73,Very Old
74,New
75,Old
76,Recent
77,Recent
78,Old
79,Recent
80,Old
81,Recent
82,Recent
83,Very Old
84,Old
85,Old
86,Recent
87,Recent
88,Very Old
89,Old
90,Very Old
91,Old
92,Old
93,Very Old
94,Old
95,New
96,Old
97,Old
98,Old
99,Recent
100,Recent
101,New
102,Very Old
103,Very Old
104,Recent
105,Recent
106,Recent
107,Recent
108,Old
109,New
110,Old
111,Very Old
112,New
113,Very Old
114,Very Old
115,Old
116,Old
117,Old
118,Old
119,New
120,Old
121,Old
122,New
123,Old
124,Recent
125,Old
126,Recent
127,Recent
128,New
129,Old
130,Recent
131,New
132,Old
133,New
134,Recent
135,New
136,Old
137,Recent
138,Old
139,Very Old
140,Recent
141,Very Old
142,New
143,New
144,Recent
145,Recent
146,Recent
147,New
148,Old
149,Recent
150,Recent
151,Very Old
152,Recent
153,Recent
154,Old
155,Very Old
156,Old
157,Old
158,New
159,Very Old
160,Recent
161,Recent
162,Recent
163,Old
164,Old
165,Old
166,Old
167,Recent
168,Old
169,New
170,Old
171,Old
172,Very Old
173,Recent
174,Very Old
175,Recent
176,Very Old
177,Old
178,Old
179,Very Old
180,Recent
181,Old
182,New
183,Old
184,Recent
185,Recent
186,Recent
187,New
188,Very Old
189,Very Old
190,Old
191,Very Old
192,New
193,Old
194,New
195,New
196,Very Old
197,Old
198,New
199,New
200,Old
201,Recent
202,Very Old
203,Very Old
204,Old
205,Recent
206,Old
207,Old
208,Recent
209,Recent
210,Recent
211,Old
212,Very Old
213,Very Old
214,Old
215,Very Old
216,Old
217,Very Old
218,Very Old
219,New
220,Recent
221,New
222,Old
223,Old
224,Recent
225,Old
226,Very Old
227,Very Old
228,Very Old
229,Old
230,Old
231,New
232,Recent
233,Very Old
234,Old
235,Very Old
236,Recent
237,Old
238,Old
239,Very Old
240,Very Old
241,Recent
242,Old
243,Old
244,Old
245,Old
246,New
247,Old
248,Recent
249,Very Old
250,Recent
251,Old
252,Recent
253,Old
254,Recent
255,Recent
256,New
257,Recent
258,Very Old
259,Old
260,Old
261,Old
262,Very Old
263,Old
264,Old
265,New
266,Recent
267,Recent
268,New
269,Very Old
270,Old
271,Old
272,Recent
273,Very Old
274,Old
275,New
276,Very Old
277,Very Old
278,Old
279,New
280,Very Old
281,Old
282,Old
283,Old
284,Old
285,New
286,Old
287,New
288,New
289,Recent
290,Old
291,New
292,Very Old
293,Very Old
294,Old
295,Old
296,Old
297,Old
298,Old
299,New
300,New
301,Old
302,New
303,Very Old
304,Very Old
305,New
306,Recent
307,Very Old
308,Old
309,Recent
310,Recent
311,Old
312,Very Old
313,New
314,Very Old
315,Old
316,Recent
317,Very Old
318,Very Old
319,Very Old
320,Very Old
321,Recent
322,Old
323,Old
324,Recent
325,New
326,Old
327,Very Old
328,Old
329,New
330,Very Old
331,Old
332,New
333,New
334,Very Old
335,Old
336,Very Old
337,Very Old
338,Very Old
339,Old
340,Old
341,Recent
342,Old
343,Old
344,Very Old
345,New
346,Recent
347,Very Old
348,Very Old
349,Recent
350,New
351,Very Old
352,Very Old
353,Very Old
354,Old
355,Very Old
356,Recent
357,Very Old
358,Recent
359,Old
360,Very Old
361,Old
362,Old
363,Old
364,Very Old
365,New
366,Recent
367,Recent
368,Very Old
369,Old
370,Recent
371,Very Old
372,Old
373,Very Old
374,Old
375,Recent
376,Old
377,New
378,Very Old
379,Old
380,Old
381,Recent
382,Old
383,Very Old
384,Old
385,Very Old
386,Old
387,Old
388,Old
389,Old
390,Old
391,Recent
392,Very Old
393,New
394,Very Old
395,New
396,Old
397,New
398,New
399,Recent
400,Old
401,Old
402,New
403,Very Old
404,Old
405,Old
406,Recent
407,Old
408,Recent
409,Very Old
410,Recent
411,Very Old
412,Very Old
413,Old
414,Old
415,Old
416,Very Old
417,Very Old
418,New
419,Old
420,Recent
421,New
422,Very Old
423,Very Old
424,Recent
425,Very Old
426,Old
427,Old
428,Recent
429,New
430,Old
431,Recent
432,Very Old
433,Recent
434,New
435,Very Old
436,New
437,Old
438,Old
439,Recent
440,Old
441,Old
442,Very Old
443,Very Old
444,New
445,Recent
446,Old
447,Old
448,Old
449,New
450,Old
451,Old
452,Very Old
453,Recent
454,Old
455,Recent
456,Recent
457,Old
458,Very Old
459,Very Old
460,Old
461,Old
462,Very Old
463,New
464,Very Old
465,Recent
466,Old
467,New
468,Old
469,Recent
470,Old
471,Recent
472,Old
473,Old
474,Very Old
475,New
476,Recent
477,Old
478,Old
479,Very Old
480,Old
481,Recent
482,Very Old
483,Very Old
484,New
485,Recent
486,Old
487,Recent
488,Recent
489,Very Old
490,Old
491,Recent
492,Old
493,Recent
494,Old
495,Recent
496,Very Old
497,Recent
498,Old
499,Recent
500,Old
501,New
502,Recent
503,Very Old
504,Recent
505,Old
506,New
507,New
508,Recent
509,Recent
510,Recent
511,Old
512,Recent
513,Very Old
514,Very Old
515,Old
516,New
517,Very Old
518,Very Old
519,New
520,Very Old
521,Recent
522,Old
523,New
524,Old
525,Old
526,Recent
527,Old
528,Recent
529,Recent
530,Recent
531,Recent
532,Old
533,New
534,Old
535,Very Old
536,New
537,Old
538,Old
539,Recent
540,Old
541,Old
542,Old
543,New
544,Recent
545,Very Old
546,Very Old
547,Very Old
548,Recent
549,New
550,New
551,Old
552,Recent
553,Very Old
554,New
555,Very Old
556,New
557,Recent
558,Very Old
559,Recent
560,Recent
561,Old
562,New
563,Very Old
564,Old
565,Old
566,New
567,Very Old
568,Very Old
569,Old
570,Old
571,Recent
572,Recent
573,Old
574,Old
575,Very Old
576,Old
577,Recent
578,Old
579,Old
580,Old
581,Very Old
582,Recent
583,Recent
584,New
585,New
586,Old
587,Recent
588,Old
589,Old
590,Very Old
591,Very Old
592,Recent
593,Very Old
594,Very Old
595,Old
596,Old
597,New
598,Recent
599,Very Old
600,Recent
601,Old
602,Recent
603,Old
604,Recent
605,New
606,Recent
607,Very Old
608,Recent
609,Old
610,Recent
611,Old
612,Recent
613,New
614,Very Old
615,Very Old
616,Old
617,New
618,Old
619,Very Old
620,New
621,Very Old
622,Recent
623,New
624,New
625,Very Old
626,Old
627,New
628,Old
629,Very Old
630,Old
631,Old
632,Very Old
633,Very Old
634,Old
635,Old
636,New
637,Recent
638,Very Old
639,Very Old
640,Old
641,Recent
642,Recent
643,Recent
644,Recent
645,Very Old
646,New
647,New
648,New
649,Very Old
650,Very Old
651,Old
652,Recent
653,Old
654,New
655,New
656,Recent
657,New
658,Old
659,Recent
660,Recent
661,Recent
662,Recent
663,Very Old
664,New
665,Recent
666,Old
667,Recent
668,Old
669,Old
670,Very Old
671,Very Old
672,Old
673,Old
674,Recent
675,Very Old
676,Old
677,Very Old
678,Recent
679,Old
680,Very Old
681,Very Old
682,Old
683,New
684,Recent
685,Very Old
686,New
687,Very Old
688,Very Old
689,Very Old
690,Recent
691,Recent
692,Recent
693,Very Old
694,Recent
695,Old
696,Old
697,Very Old
698,New
699,Very Old
700,Very Old
701,Very Old
702,Recent
703,Old
704,Recent
705,Recent
706,Very Old
707,Old
708,Old
709,New
710,Very Old
711,Recent
712,New
713,Very Old
714,Old
715,Old
716,Very Old
717,Old
718,New
719,Very Old
720,Old
721,Old
722,Very Old
723,Recent
724,Very Old
725,Old
726,Old
727,New
728,Recent
729,New
730,Very Old
731,New
732,Old
733,Recent
734,Old
735,Old
736,Recent
737,New
738,Old
739,New
740,Very Old
741,Very Old
742,Very Old
743,Old
744,Old
745,Recent
746,Recent
747,Recent
748,Recent
749,Old
750,Recent
751,Very Old
752,Very Old
753,Recent
754,Old
755,New
756,Very Old
757,Recent
758,Very Old
759,Old
760,New
761,Very Old
762,Old
763,Very Old
764,New
765,Recent
766,Recent
767,Very Old
768,Recent
769,Recent
770,New
771,Old
772,Very Old
773,Very Old
774,Recent
775,New
776,Old
777,Old
778,New
779,Old
780,New
781,Old
782,Recent
783,Very Old
784,Very Old
785,Recent
786,New
787,New
788,Old
789,Very Old
790,Very Old
791,New
792,Old
793,Old
794,Recent
795,Old
796,Recent
797,Very Old
798,Old
799,Recent
800,New
801,Recent
802,Old
803,Recent
804,Recent
805,Old
806,New
807,Very Old
808,Old
809,Very Old
810,New
811,Old
812,Old
813,Very Old
814,New
815,Very Old
816,Recent
817,New
818,New
819,Old
820,Very Old
821,Recent
822,Recent
823,Recent
824,Very Old
825,Very Old
826,New
827,Recent
828,New
829,Old
830,Old
831,Old
832,New
833,Very Old
834,Old
835,Recent
836,New
837,New
838,Very Old
839,Old
840,Recent
841,Old
842,Recent
843,Old
844,Very Old
845,Recent
846,Very Old
847,Old
848,Recent
849,Recent
850,Old
851,Very Old
852,Recent
853,Recent
854,Very Old
855,Old
856,New
857,Recent
858,Very Old
859,Old
860,Old
861,Very Old
862,Recent
863,New
864,Recent
865,Old
866,Recent
867,Old
868,Old
869,Old
870,Very Old
871,Recent
872,Old
873,Very Old
874,Very Old
875,New
876,Very Old
877,Very Old
878,Very Old
879,New
880,Old
881,Very Old
882,Old
883,Old
884,Recent
885,Old
886,New
887,Recent
888,Very Old
889,Recent
890,Old
891,Recent
892,Very Old
893,Old
894,Old
895,Old
896,Old
897,Recent
898,Very Old
899,Recent
900,Recent
901,Old
902,Recent
903,New
904,Recent
905,Old
906,Old
907,Recent
908,Old
909,Very Old
910,Very Old
911,Old
912,New
913,Old
914,Very Old
915,Old
916,Old
917,Very Old
918,New
919,Old
920,Very Old
921,Very Old
922,Old
923,Old
924,Old
925,Recent
926,New
927,Very Old
928,New
929,Very Old
930,Old
931,Recent
932,Recent
933,Very Old
934,Very Old
935,New
936,Old
937,Very Old
938,Old
939,Very Old
940,Old
941,Recent
942,Very Old
943,Recent
944,Old
945,Very Old
946,Old
947,Recent
948,Old
949,Very Old
950,Recent
951,Very Old
952,Very Old
953,Very Old
954,Old
955,Old
956,Recent
957,Recent
958,Old
959,Recent
960,Recent
961,Old
962,Recent
963,Recent
964,Old
965,Very Old
966,Recent
967,Recent
968,Very Old
969,Very Old
970,New
971,Old
972,New
973,New
974,Recent
975,Old
976,Very Old
977,Recent
978,New
979,Very Old
980,Old
981,New
982,Old
983,Very Old
984,Old
985,Recent
986,Very Old
987,Old
988,Recent
989,Old
990,Recent
991,Very Old
992,Very Old
993,Old
994,Very Old
995,Old
996,Old
997,Old
998,Very Old
999,Recent
1000,Recent
1001,Recent
1002,Old
1003,New
1004,Recent
1005,Recent
1006,Recent
1007,Recent
1008,Very Old
1009,Old
1010,Old
1011,Old
1012,Recent
1013,Very Old
1014,Recent
1015,Very Old
1016,Recent
1017,Recent
1018,Very Old
1019,Recent
1020,New
1021,Recent
1022,Very Old
1023,Old
1024,Very Old
1025,Recent
1026,New
1027,Recent
1028,Old
1029,Very Old
1030,Recent
1031,Very Old
1032,Old
1033,Old
1034,Very Old
1035,Recent
1036,Old
1037,Recent
1038,Old
1039,Old
1040,Very Old
1041,Recent
1042,Old
1043,New
1044,Very Old
1045,Very Old
1046,Very Old
1047,Old
1048,New
1049,Very Old
1050,Old
1051,Recent
1052,Very Old
1053,Recent
1054,Old
1055,Recent
1056,Recent
1057,Recent
1058,New
1059,New
1060,Very Old
1061,Recent
1062,Recent
1063,Very Old
1064,Recent
1065,Recent
1066,New
1067,Old
1068,Recent
1069,Very Old
1070,New
1071,Recent
1072,New
1073,Recent
1074,New
1075,Recent
1076,Recent
1077,Recent
1078,Old
1079,Old
1080,Old
1081,New
1082,Very Old
1083,Old
1084,New
1085,Recent
1086,Very Old
1087,New
1088,Very Old
1089,Old
1090,New
1091,Recent
1092,Recent
1093,Old
1094,Very Old
1095,New
1096,Old
1097,Recent
1098,Recent
1099,Recent
1100,Recent
1101,Very Old
1102,Old
1103,New
1104,New
1105,Old
1106,Old
1107,New
1108,Old
1109,Recent
1110,Very Old
1111,Very Old
1112,Recent
1113,Old
1114,Old
1115,Old
1116,Old
1117,Old
1118,Old
1119,Recent
1120,Very Old
1121,Very Old
1122,Very Old
1123,Recent
1124,Very Old
1125,Very Old
1126,Very Old
1127,New
1128,Old
1129,Recent
1130,Recent
1131,Very Old
1132,Old
1133,Old
1134,New
1135,Very Old
1136,Old
1137,Recent
1138,Old
1139,New
1140,Very Old
1141,New
1142,New
1143,Old
1144,Old
1145,Old
1146,Old
1147,Recent
1148,New
1149,Old
1150,New
1151,Very Old
1152,Recent
1153,New
1154,New
1155,Very Old
1156,Recent
1157,Very Old
1158,Very Old
1159,Recent
1160,Very Old
1161,Old
1162,Old
1163,Very Old
1164,Recent
1165,New
1166,Very Old
1167,Recent
1168,Recent
1169,Recent
1170,Old
1171,Old
1172,Recent
1173,Recent
1174,Recent
1175,Old
1176,Old
1177,Old
1178,Very Old
1179,Old
1180,Old
1181,Recent
1182,Very Old
1183,New
1184,Very Old
1185,New
1186,Recent
1187,Recent
1188,New
1189,Recent
1190,New
1191,Very Old
1192,Recent
1193,Old
1194,Very Old
1195,New
1196,Recent
1197,Old
1198,Old
1199,Very Old
1200,Recent
1201,Old
1202,New
1203,Very Old
1204,Old
1205,Recent
1206,New
1207,Recent
1208,Very Old
1209,New
1210,New
1211,Very Old
1212,Recent
1213,Recent
1214,Recent
1215,New
1216,New
1217,Very Old
1218,Old
1219,Very Old
1220,Old
1221,Old
1222,Old
1223,New
1224,Recent
1225,Recent
1226,Old
1227,Old
1228,Old
1229,Old
1230,Recent
1231,Very Old
1232,Old
1233,Old
1234,Recent
1235,Old
1236,Recent
1237,Very Old
1238,Recent
1239,Very Old
1240,Recent
1241,New
1242,Very Old
1243,New
1244,Old
1245,Very Old
1246,Very Old
1247,Recent
1248,Old
1249,New
1250,Recent
1251,Recent
1252,Old
1253,Old
1254,Recent
1255,Very Old
1256,New
1257,Recent
1258,Recent
1259,Recent
1260,Old
1261,Old
1262,Old
1263,Recent
1264,Very Old
1265,Very Old
1266,Recent
1267,Very Old
1268,Old
1269,Recent
1270,Very Old
1271,Recent
1272,New
1273,Old
1274,Recent
1275,Recent
1276,Recent
1277,Recent
1278,Very Old
1279,Recent
1280,Old
1281,Very Old
1282,Very Old
1283,New
1284,Recent
1285,New
1286,New
1287,Recent
1288,Very Old
1289,Old
1290,Recent
1291,Old
1292,Very Old
1293,New
1294,Recent
1295,Recent
1296,New
1297,Old
1298,Old
1299,Old
1300,Old
1301,Very Old
1302,Old
1303,Old
1304,Old
1305,New
1306,Old
1307,Recent
1308,New
1309,Very Old
1310,New
1311,Recent
1312,Very Old
1313,Very Old
1314,Old
1315,Old
1316,Very Old
1317,New
1318,Old
1319,New
1320,Very Old
1321,Very Old
1322,Old
1323,Old
1324,Old
1325,New
1326,Old
1327,Very Old
1328,New
1329,Very Old
1330,Old
1331,New
1332,Old
1333,Very Old
1334,Recent
1335,Old
1336,Old
1337,Very Old
1338,Very Old
1339,New
1340,Old
1341,Recent
1342,Old
1343,Old
1344,Very Old
1345,Recent
1346,Recent
1347,Old
1348,New
1349,Old
1350,Recent
1351,Very Old
1352,Recent
1353,Old
1354,New
1355,Very Old
1356,Recent
1357,Old
1358,New
1359,New
1360,Very Old
1361,Very Old
1362,Recent
1363,Old
1364,Recent
1365,Old
1366,Recent
1367,Old
1368,Very Old
1369,Very Old
1370,Old
1371,Very Old
1372,Old
1373,Recent
1374,Very Old
1375,Recent
1376,Old
1377,Old
1378,Very Old
1379,Old
1380,New
1381,New
1382,Old
1383,Old
1384,Very Old
1385,Very Old
1386,Recent
1387,Recent
1388,New
1389,Old
1390,Recent
1391,Very Old
1392,Very Old
1393,New
1394,Recent
1395,Recent
1396,Recent
1397,Old
1398,Very Old
1399,Recent
1400,Recent
1401,Very Old
1402,Old
1403,Old
1404,Recent
1405,Old
1406,New
1407,Old
1408,Old
1409,New
1410,New
1411,Very Old
1412,New
1413,New
1414,New
1415,Old
1416,Recent
1417,Old
1418,Recent
1419,Old
1420,Old
1421,Old
1422,Old
1423,Old
1424,Very Old
1425,Recent
1426,Old
1427,Old
1428,Recent
1429,Old
1430,Very Old
1431,Old
1432,Recent
1433,Old
1434,New
1435,Old
1436,New
1437,Recent
1438,Recent
1439,Recent
1440,Old
1441,Old
1442,New
1443,Very Old
1444,Recent
1445,New
1446,Old
1447,Very Old
1448,Very Old
1449,New
1450,Old
1451,New
1452,Very Old
1453,Very Old
1454,Recent
1455,Very Old
1456,Old
1457,New
1458,Very Old
1459,Old
1460,Old
1461,Very Old
1462,New
1463,Old
1464,Recent
1465,New
1466,Very Old
1467,New
1468,Old
1469,New
1470,Old
1471,Old
1472,Old
1473,Recent
1474,New
1475,Old
1476,New
1477,Old
1478,Very Old
1479,Old
1480,Old
1481,New
1482,Very Old
1483,Very Old
1484,Very Old
1485,Old
1486,New
1487,Recent
1488,New
1489,New
1490,Recent
1491,Recent
1492,New
1493,Very Old
1494,Recent
1495,Old
1496,Recent
1497,New
1498,Old
1499,New
1500,Very Old
1501,Recent
1502,Very Old
1503,Old
1504,New
1505,Old
1506,Old
1507,Very Old
1508,Very Old
1509,New
1510,Recent
1511,Recent
1512,Recent
1513,Recent
1514,Old
1515,Old
1516,Old
1517,Very Old
1518,New
1519,Recent
1520,Old
1521,New
1522,Old
1523,Old
1524,Old
1525,Very Old
1526,New
1527,New
1528,Old
1529,Old
1530,Old
1531,New
1532,Recent
1533,Recent
1534,Very Old
1535,Old
1536,Recent
1537,Very Old
1538,New
1539,Old
1540,Recent
1541,Recent
1542,Old
1543,Old
1544,New
1545,Recent
1546,Recent
1547,Old
1548,Old
1549,Recent
1550,New
1551,New
1552,Recent
1553,Recent
1554,Old
1555,New
1556,Old
1557,Recent
1558,Old
1559,Old
1560,Old
1561,Old
1562,New
1563,Very Old
1564,Old
1565,New
1566,Recent
1567,New
1568,Recent
1569,Very Old
1570,Old
1571,Very Old
1572,New
1573,New
1574,Old
1575,Old
1576,Old
1577,New
1578,Very Old
1579,Old
1580,Very Old
1581,Old
1582,Old
1583,New
1584,Recent
1585,Recent
1586,Very Old
1587,Old
1588,Old
1589,Recent
1590,Recent
1591,Old
1592,Recent
1593,Recent
1594,Old
1595,Old
1596,Recent
1597,Very Old
1598,Recent
1599,Old
1600,Old
1601,Recent
1602,Recent
1603,Recent
1604,Very Old
1605,Old
1606,Old
1607,Old
1608,Old
1609,Recent
1610,New
1611,New
1612,Old
1613,Very Old
1614,Old
1615,Recent
1616,Old
1617,Old
1618,New
1619,Very Old
1620,New
1621,Recent
1622,Recent
1623,Very Old
1624,Old
1625,Very Old
1626,Old
1627,New
1628,Old
1629,Recent
1630,Recent
1631,New
1632,New
1633,Very Old
1634,Recent
1635,Very Old
1636,Old
1637,New
1638,New
1639,New
1640,Old
1641,Very Old
1642,Very Old
1643,Recent
1644,Recent
1645,Recent
1646,Recent
1647,Old
1648,New
1649,Recent
1650,New
1651,Old
1652,Recent
1653,Very Old
1654,Old
1655,Old
1656,Recent
1657,New
1658,Recent
1659,Very Old
1660,Recent
1661,Recent
1662,New
1663,Recent
1664,Old
1665,Very Old
1666,New
1667,Old
1668,Very Old
1669,Very Old
1670,Very Old
1671,Recent
1672,Very Old
1673,Old
1674,New
1675,Very Old
1676,Old
1677,Recent
1678,Recent
1679,Very Old
1680,Old
1681,New
1682,Recent
1683,Old
1684,Old
1685,Very Old
1686,Old
1687,New
1688,Old
1689,Old
1690,Very Old
1691,Recent
1692,New
1693,New
1694,Recent
1695,Old
1696,New
1697,Old
1698,New
1699,Very Old
1700,Very Old
1701,Old
1702,Recent
1703,Old
1704,Very Old
1705,Very Old
1706,New
1707,Recent
1708,Old
1709,Recent
1710,Recent
1711,Recent
1712,Old
1713,Old
1714,New
1715,Recent
1716,Very Old
1717,Very Old
1718,Very Old
1719,Old
1720,Old
1721,Very Old
1722,Very Old
1723,Old
1724,Old
1725,Recent
1726,Very Old
1727,New
1728,New
1729,Old
1730,Very Old
1731,Old
1732,Old
1733,New
1734,Old
1735,Recent
1736,New
1737,Recent
1738,Very Old
1739,Old
1740,New
1741,New
1742,Old
1743,Recent
1744,New
1745,New
1746,Recent
1747,Old
1748,Old
1749,Very Old
1750,Old
1751,New
1752,New
1753,New
1754,New
1755,Very Old
1756,Recent
1757,Recent
1758,Recent
1759,New
1760,Very Old
1761,Recent
1762,Recent
1763,Very Old
1764,Very Old
1765,Very Old
1766,Recent
1767,Old
1768,Old
1769,Old
1770,Old
1771,Old
1772,Very Old
1773,Old
1774,Old
1775,Old
1776,Very Old
1777,Old
1778,Old
1779,Very Old
1780,New
1781,Recent
1782,Old
1783,Very Old
1784,Very Old
1785,Old
1786,Old
1787,Very Old
1788,Old
1789,Recent
1790,Recent
1791,New
1792,Very Old
1793,Old
1794,Old
1795,Recent
1796,Recent
1797,Old
1798,Recent
1799,Old
1800,New
1801,Old
1802,Old
1803,Very Old
1804,Very Old
1805,New
1806,Old
1807,Very Old
1808,Very Old
1809,Old
1810,Very Old
1811,Recent
1812,Old
1813,Old
1814,Old
1815,New
1816,Very Old
1817,Recent
1818,Old
1819,Very Old
1820,Very Old
1821,Old
1822,New
1823,Old
1824,New
1825,Recent
1826,Very Old
1827,Old
1828,Very Old
1829,Very Old
1830,Very Old
1831,Very Old
1832,Very Old
1833,Old
1834,Very Old
1835,Recent
1836,Very Old
1837,Very Old
1838,Recent
1839,Old
1840,Old
1841,New
1842,Old
1843,Recent
1844,New
1845,Old
1846,Old
1847,Recent
1848,New
1849,Very Old
1850,Very Old
1851,New
1852,Very Old
1853,New
1854,Old
1855,New
1856,Recent
1857,Very Old
1858,Old
1859,Very Old
1860,Very Old
1861,Very Old
1862,Recent
1863,Recent
1864,Old
1865,Very Old
1866,Very Old
1867,Old
1868,New
1869,Old
1870,Recent
1871,Old
1872,Very Old
1873,Recent
1874,Old
1875,Recent
1876,New
1877,Very Old
1878,Old
1879,New
1880,Very Old
1881,Old
1882,Very Old
1883,Recent
1884,Recent
1885,Old
1886,New
1887,Old
1888,Very Old
1889,Recent
1890,Recent
1891,Very Old
1892,Recent
1893,New
1894,Old
1895,Old
1896,Very Old
1897,New
1898,New
1899,New
1900,Recent
1901,Recent
1902,Old
1903,New
1904,Very Old
1905,Recent
1906,Recent
1907,Old
1908,New
1909,Old
1910,New
1911,Old
1912,Old
1913,Very Old
1914,Recent
1915,New
1916,Old
1917,Recent
1918,Old
1919,Very Old
1920,Old
1921,Old
1922,Recent
1923,Very Old
1924,Very Old
1925,Recent
1926,Recent
1927,Recent
1928,Old
1929,Recent
1930,Old
1931,Old
1932,Recent
1933,New
1934,New
1935,Old
1936,Old
1937,Old
1938,Old
1939,Old
1940,Recent
1941,Old
1942,Recent
1943,Very Old
1944,Recent
1945,New
1946,Recent
1947,Very Old
1948,Recent
1949,Recent
1950,Recent
1951,Very Old
1952,Very Old
1953,Old
1954,New
1955,Very Old
1956,Recent
1957,Very Old
1958,Old
1959,Old
1960,Old
1961,Recent
1962,Old
1963,Old
1964,Very Old
1965,Very Old
1966,Very Old
1967,Recent
1968,New
1969,New
1970,Old
1971,Very Old
1972,Recent
1973,Old
1974,Very Old
1975,Old
1976,Recent
1977,Old
1978,New
1979,Recent
1980,New
1981,Very Old
1982,Recent
1983,New
1984,Recent
1985,Old
1986,Recent
1987,Recent
1988,Old
1989,Old
1990,Recent
1991,Recent
1992,Recent
1993,Old
1994,Old
1995,Old
1996,Old
1997,Old
1998,Recent
1999,Very Old
2000,New
2001,Old
2002,Old
2003,Recent
2004,Old
2005,New
2006,Recent
2007,Very Old
2008,Old
2009,Recent
2010,New
2011,Very Old
2012,Old
2013,Old
2014,Recent
2015,Recent
2016,Recent
2017,Recent
2018,New
2019,New
2020,New
2021,Old
2022,Very Old
2023,Very Old
2024,Old
2025,Recent
2026,Very Old
2027,Recent
2028,Old
2029,Recent
2030,Old
2031,Very Old
2032,Very Old
2033,Very Old
2034,Recent
2035,Recent
2036,Recent
2037,Very Old
2038,Recent
2039,Very Old
2040,Recent
2041,Recent
2042,Old
2043,Old
2044,Recent
2045,Old
2046,Old
2047,Old
2048,Old
2049,Recent
2050,Old
2051,Old
2052,Old
2053,Very Old
2054,Recent
2055,Recent
2056,Old
2057,Recent
2058,New
2059,Old
2060,Old
2061,Very Old
2062,Old
2063,Very Old
2064,Old
2065,New
2066,Recent
2067,Old
2068,Old
2069,Recent
2070,Old
2071,Old
2072,Old
2073,Recent
2074,Recent
2075,Recent
2076,Old
2077,Old
2078,Very Old
2079,Very Old
2080,New
2081,Very Old
2082,Old
2083,Very Old
2084,Old
2085,Old
2086,Recent
2087,Recent
2088,Very Old
2089,Old
2090,Recent
2091,Old
2092,Very Old
2093,Recent
2094,Recent
2095,Recent
2096,Old
2097,Very Old
2098,Recent
2099,Old
2100,Very Old
2101,Very Old
2102,Recent
2103,Very Old
2104,New
2105,Very Old
2106,Recent
2107,Old
2108,Old
2109,Old
2110,Old
2111,Recent
2112,Old
2113,Very Old
2114,Recent
2115,New
2116,Old
2117,Recent
2118,Old
2119,Very Old
2120,New
2121,Old
2122,New
2123,Old
2124,Very Old
2125,Recent
2126,Old
2127,Recent
2128,Very Old
2129,Old
2130,Old
2131,Old
2132,Very Old
2133,Recent
2134,Old
2135,Very Old
2136,Old
2137,New
2138,Old
2139,Very Old
2140,Old
2141,Very Old
2142,New
2143,Very Old
2144,Recent
2145,Very Old
2146,Recent
2147,Recent
2148,Recent
2149,New
2150,New
2151,Recent
2152,Very Old
2153,New
2154,Old
2155,Very Old
2156,Very Old
2157,Recent
2158,Old
2159,Recent
2160,Old
2161,Recent
2162,Old
2163,Very Old
2164,Recent
2165,Old
2166,Recent
2167,Very Old
2168,Recent
2169,Very Old
2170,Recent
2171,New
2172,Very Old
2173,New
2174,Very Old
2175,New
2176,Recent
2177,Very Old
2178,Very Old
2179,New
2180,Very Old
2181,New
2182,Old
2183,Recent
2184,Old
2185,Old
2186,Old
2187,Recent
2188,Old
2189,Very Old
2190,Old
2191,Old
2192,Old
2193,Recent
2194,Old
2195,New
2196,Old
2197,Old
2198,New
2199,Very Old
2200,Old
2201,Old
2202,Very Old
2203,Old
2204,New
2205,Recent
2206,Old
2207,Very Old
2208,Old
2209,New
2210,Old
2211,Recent
2212,Recent
2213,Old
2214,Old
2215,New
2216,Very Old
2217,Very Old
2218,Old
2219,Old
2220,Very Old
2221,Recent
2222,Recent
2223,Very Old
2224,Recent
2225,Old
2226,Recent
2227,Recent
2228,New
2229,New
2230,Old
2231,Old
2232,New
2233,Recent
2234,Very Old
2235,Very Old
2236,Very Old
2237,Recent
2238,Recent
2239,Very Old
2240,Recent
2241,Very Old
2242,Old
2243,Old
2244,Recent
2245,Old
2246,Old
2247,Old
2248,Very Old
2249,New
2250,Old
2251,Very Old
2252,Old
2253,Very Old
2254,Recent
2255,Very Old
2256,Recent
2257,Old
2258,Very Old
2259,Old
2260,New
2261,Old
2262,Old
2263,Very Old
2264,Recent
2265,New
2266,Very Old
2267,Recent
2268,Very Old
2269,Very Old
2270,Very Old
2271,Old
2272,New
2273,Recent
2274,Recent
2275,Old
2276,New
2277,Very Old
2278,Recent
2279,New
2280,New
2281,Old
2282,Recent
2283,Old
2284,Old
2285,New
2286,Very Old
2287,Very Old
2288,Old
2289,Recent
2290,Recent
2291,Recent
2292,Very Old
2293,Very Old
2294,Old
2295,Very Old
2296,Old
2297,Very Old
2298,Old
2299,Very Old
2300,Recent
2301,Old
2302,Recent
2303,Old
2304,Recent
2305,Old
2306,Old
2307,Old
2308,Old
2309,New
2310,Very Old
2311,Very Old
2312,Recent
2313,Old
2314,Recent
2315,Very Old
2316,Old
2317,Old
2318,Very Old
2319,Very Old
2320,New
2321,Old
2322,Recent
2323,Very Old
2324,Recent
2325,Old
2326,Old
2327,Old
2328,Old
2329,Recent
2330,Recent
2331,Old
2332,Recent
2333,Old
2334,Very Old
2335,Old
2336,Old
2337,New
2338,Recent
2339,Very Old
2340,Very Old
2341,Recent
2342,New
2343,Very Old
2344,Recent
2345,Very Old
2346,Old
2347,Recent
2348,Very Old
2349,Recent
2350,Old
2351,Very Old
2352,Very Old
2353,Recent
2354,Recent
2355,Old
2356,Recent
2357,New
2358,Recent
2359,Old
2360,Old
2361,Very Old
2362,New
2363,Recent
2364,Old
2365,Old
2366,Very Old
2367,Recent
2368,Old
2369,New
2370,New
2371,Very Old
2372,Recent
2373,Old
2374,Recent
2375,New
2376,Very Old
2377,Very Old
2378,Very Old
2379,Recent
2380,Very Old
2381,New
2382,Recent
2383,New
2384,New
2385,New
2386,Old
2387,Recent
2388,Very Old
2389,Very Old
2390,Recent
2391,Recent
2392,Very Old
2393,Old
2394,Very Old
2395,New
2396,Recent
2397,Recent
2398,Recent
2399,Recent
2400,Old
2401,Recent
2402,Very Old
2403,Old
2404,New
2405,New
2406,Old
2407,Old
2408,Old
2409,Old
2410,Very Old
2411,Very Old
2412,Old
2413,Recent
2414,Very Old
2415,Very Old
2416,Very Old
2417,Recent
2418,Recent
2419,Recent
2420,Old
2421,Old
2422,Old
2423,New
2424,Recent
2425,Old
2426,Old
2427,Very Old
2428,Recent
2429,Very Old
2430,New
2431,New
2432,Old
2433,Recent
2434,Old
2435,Old
2436,Very Old
2437,Old
2438,New
2439,Recent
2440,Old
2441,Old
2442,Very Old
2443,New
2444,Old
2445,Old
2446,New
2447,Old
2448,Very Old
2449,Recent
2450,Very Old
2451,Very Old
2452,Old
2453,Old
2454,Old
2455,Very Old
2456,Very Old
2457,Very Old
2458,Old
2459,New
2460,New
2461,Recent
2462,Recent
2463,Old
2464,New
2465,Old
2466,Very Old
2467,New
2468,Recent
2469,Old
2470,Recent
2471,New
2472,New
2473,New
2474,Recent
2475,New
2476,New
2477,Recent
2478,Recent
2479,Very Old
2480,Recent
2481,New
2482,Very Old
2483,Old
2484,Old
2485,Recent
2486,Very Old
2487,Old
2488,New
2489,Recent
2490,Old
2491,New
2492,New
2493,New
2494,Old
2495,Very Old
2496,Old
2497,Very Old
2498,New
2499,Very Old
2500,Very Old
2501,New
2502,Very Old
2503,Old
2504,Old
2505,Old
2506,Very Old
2507,Very Old
2508,Very Old
2509,Old
2510,Old
2511,Old
2512,Recent
2513,Recent
2514,Recent
2515,Old
2516,Recent
2517,New
2518,Old
2519,Old
2520,Old
2521,Very Old
2522,Recent
2523,New
2524,Old
2525,Recent
2526,Very Old
2527,Old
2528,Old
2529,Old
2530,Very Old
2531,Old
2532,Very Old
2533,Recent
2534,Very Old
2535,Old
2536,Old
2537,Old
2538,Recent
2539,Very Old
2540,Old
2541,Old
2542,Very Old
2543,Very Old
2544,New
2545,New
2546,Very Old
2547,Very Old
2548,Recent
2549,Very Old
2550,New
2551,Recent
2552,Old
2553,New
2554,Old
2555,Recent
2556,Very Old
2557,New
2558,Old
2559,Very Old
2560,Recent
2561,Old
2562,Recent
2563,Old
2564,New
2565,Very Old
2566,Recent
2567,Recent
2568,Old
2569,Old
2570,New
2571,Recent
2572,Old
2573,Old
2574,Old
2575,New
2576,Old
2577,Recent
2578,Old
2579,Old
2580,New
2581,Very Old
2582,Very Old
2583,New
2584,New
2585,Old
2586,Old
2587,New
2588,New
2589,Recent
2590,Recent
2591,New
2592,Old
2593,New
2594,Recent
2595,Recent
2596,Very Old
2597,Very Old
2598,Very Old
2599,New
2600,Very Old
2601,Old
2602,Very Old
2603,Recent
2604,New
2605,Recent
2606,Old
2607,Old
2608,New
2609,Old
2610,Old
2611,Recent
2612,Old
2613,New
2614,Very Old
2615,Old
2616,Recent
2617,New
2618,Recent
2619,Very Old
2620,Recent
2621,New
2622,New
2623,Old
2624,Very Old
2625,Recent
2626,Old
2627,Old
2628,Recent
2629,New
2630,Old
2631,Old
2632,Old
2633,Recent
2634,New
2635,New
2636,Very Old
2637,New
2638,Recent
2639,Old
2640,Recent
2641,New
2642,Recent
2643,Old
2644,New
2645,Recent
2646,Very Old
2647,Old
2648,Recent
2649,Recent
2650,Recent
2651,Very Old
2652,Old
2653,Old
2654,Recent
2655,Old
2656,New
2657,New
2658,Old
2659,Very Old
2660,Very Old
2661,Old
2662,Very Old
2663,Old
2664,Very Old
2665,Old
2666,Recent
2667,Old
2668,Very Old
2669,Recent
2670,Old
2671,Old
2672,Very Old
2673,Very Old
2674,Old
2675,Recent
2676,New
2677,Recent
2678,Very Old
2679,Recent
2680,New
2681,Old
2682,Recent
2683,Recent
2684,Recent
2685,New
2686,Old
2687,Very Old
2688,Very Old
2689,New
2690,Old
2691,Old
2692,Recent
2693,Recent
2694,Very Old
2695,Old
2696,Old
2697,Recent
2698,Old
2699,Recent
2700,Recent
2701,Recent
2702,Old
2703,Very Old
2704,New
2705,Recent
2706,Old
2707,Old
2708,Old
2709,Very Old
2710,Old
2711,New
2712,Old
2713,Old
2714,Recent
2715,Recent
2716,Recent
2717,Recent
2718,Very Old
2719,Very Old
2720,New
2721,Recent
2722,Recent
2723,Very Old
2724,Very Old
2725,Old
2726,New
2727,Very Old
2728,Recent
2729,Very Old
2730,Very Old
2731,New
2732,Recent
2733,Recent
2734,Very Old
2735,New
2736,Very Old
2737,Recent
2738,Very Old
2739,Very Old
2740,New
2741,Recent
2742,Recent
2743,Recent
2744,Old
2745,Old
2746,Old
2747,Old
2748,New
2749,Recent
2750,Very Old
2751,New
2752,New
2753,Old
2754,New
2755,Recent
2756,Old
2757,Very Old
2758,Old
2759,Recent
2760,Very Old
2761,Recent
2762,Very Old
2763,Recent
2764,Old
2765,New
2766,Old
2767,Old
2768,Old
2769,New
2770,Recent
2771,Very Old
2772,Old
2773,Recent
2774,New
2775,New
2776,Recent
2777,Recent
2778,Old
2779,Old
2780,Old
2781,Recent
2782,New
2783,Old
2784,New
2785,Very Old
2786,Recent
2787,Recent
2788,Recent
2789,Very Old
2790,Old
2791,Very Old
2792,Recent
2793,Old
2794,Old
2795,New
2796,Old
2797,Recent
2798,New
2799,New
2800,Very Old
2801,Old
2802,New
2803,Recent
2804,Old
2805,Recent
2806,Recent
2807,Recent
2808,Old
2809,New
2810,New
2811,Recent
2812,New
2813,New
2814,Recent
2815,Old
2816,Recent
2817,Recent
2818,Recent
2819,Recent
2820,Old
2821,Recent
2822,Very Old
2823,New
2824,Old
2825,Recent
2826,Recent
2827,Very Old
2828,Recent
2829,Recent
2830,Recent
2831,New
2832,Very Old
2833,Old
2834,Very Old
2835,Recent
2836,Old
2837,New
2838,Old
2839,Very Old
2840,Very Old
2841,Very Old
2842,Very Old
2843,Very Old
2844,Old
2845,Very Old
2846,Recent
2847,Old
2848,Old
2849,New
2850,Recent
2851,New
2852,Recent
2853,Old
2854,Old
2855,New
2856,Old
2857,Old
2858,Old
2859,Recent
2860,New
2861,Old
2862,Old
2863,Very Old
2864,Very Old
2865,Recent
2866,Old
2867,Recent
2868,Very Old
2869,Old
2870,Old
2871,Recent
2872,Recent
2873,Old
2874,New
2875,Recent
2876,Recent
2877,Very Old
2878,Recent
2879,New
2880,New
2881,New
2882,Very Old
2883,Recent
2884,Old
2885,Recent
2886,Old
2887,New
2888,Old
2889,New
2890,New
2891,Recent
2892,Very Old
2893,Recent
2894,Recent
2895,Recent
2896,Very Old
2897,Recent
2898,Very Old
2899,Recent
2900,Very Old
2901,Recent
2902,Very Old
2903,Very Old
2904,Recent
2905,New
2906,Very Old
2907,Old
2908,Old
2909,Very Old
2910,Very Old
2911,Recent
2912,Old
2913,Very Old
2914,Very Old
2915,Old
2916,New
2917,Very Old
2918,Very Old
2919,Recent
2920,Recent
2921,Very Old
2922,Old
2923,Very Old
2924,Old
2925,Old
2926,Old
2927,Old
2928,New
2929,Old
2930,Old
2931,Very Old
2932,Old
2933,New
2934,Old
2935,Recent
2936,Old
2937,New
2938,Recent
2939,Very Old
2940,Very Old
2941,Old
2942,New
2943,New
2944,New
2945,Old
2946,Recent
2947,Very Old
2948,Recent
2949,Recent
2950,Old
2951,Very Old
2952,Recent
2953,Recent
2954,Old
2955,Recent
2956,Very Old
2957,Old
2958,Old
2959,Recent
2960,Recent
2961,Very Old
2962,Recent
2963,Recent
2964,Old
2965,New
2966,Old
2967,Old
2968,Old
2969,Very Old
2970,Old
2971,Recent
2972,Very Old
2973,Recent
2974,Recent
2975,Very Old
2976,New
2977,Recent
2978,New
2979,Old
2980,Recent
2981,New
2982,Old
2983,Old
2984,Recent
2985,Old
2986,New
2987,Old
2988,Very Old
2989,Old
2990,Very Old
2991,Old
2992,Recent
2993,Old
2994,New
2995,Old
2996,Old
2997,Recent
2998,Recent
2999,Recent
3000,Old
3001,Old
3002,Old
3003,Recent
3004,New
3005,New
3006,Very Old
3007,Recent
3008,Very Old
3009,Very Old
3010,New
3011,Very Old
3012,Very Old
3013,Recent
3014,Recent
3015,Recent
3016,Old
3017,Old
3018,New
3019,New
3020,Recent
3021,Recent
3022,Very Old
3023,Old
3024,Old
3025,Recent
3026,Recent
3027,Old
3028,New
3029,Very Old
3030,Old
3031,New
3032,Recent
3033,Very Old
3034,Very Old
3035,Very Old
3036,Very Old
3037,New
3038,Old
3039,Very Old
3040,Recent
3041,Recent
3042,Old
3043,Recent
3044,Old
3045,Old
3046,Recent
3047,Old
3048,Very Old
3049,Old
3050,New
3051,Recent
3052,Very Old
3053,Very Old
3054,Recent
3055,Recent
3056,Old
3057,Recent
3058,New
3059,Recent
3060,Old
3061,Recent
3062,Old
3063,New
3064,New
3065,Very Old
3066,New
3067,Recent
3068,Old
3069,New
3070,New
3071,Very Old
3072,New
3073,Old
3074,Very Old
3075,New
3076,Old
3077,Old
3078,Old
3079,Old
3080,Old
3081,Old
3082,Old
3083,Recent
3084,Very Old
3085,New
3086,Very Old
3087,Recent
3088,Old
3089,Very Old
3090,Old
3091,Old
3092,Very Old
3093,Old
3094,New
3095,New
3096,Old
3097,Old
3098,New
3099,Recent
3100,New
3101,Very Old
3102,New
3103,Recent
3104,Old
3105,New
3106,Recent
3107,Recent
3108,Very Old
3109,New
3110,Old
3111,New
3112,Old
3113,Old
3114,Old
3115,New
3116,Very Old
3117,New
3118,Old
3119,Very Old
3120,Recent
3121,Recent
3122,Old
3123,Old
3124,New
3125,Old
3126,Recent
3127,Very Old
3128,Recent
3129,Old
3130,Recent
3131,Old
3132,Recent
3133,Old
3134,Old
3135,Very Old
3136,Recent
3137,Very Old
3138,Very Old
3139,Recent
3140,Very Old
3141,New
3142,Recent
3143,Recent
3144,New
3145,Recent
3146,Very Old
3147,Recent
3148,Recent
3149,New
3150,Recent
3151,Old
3152,New
3153,New
3154,New
3155,Old
3156,Old
3157,Very Old
3158,Old
3159,Recent
3160,Old
3161,Recent
3162,New
3163,Recent
3164,Old
3165,Old
3166,Old
3167,Very Old
3168,Recent
3169,New
3170,Old
3171,Recent
3172,Old
3173,New
3174,New
3175,New
3176,Very Old
3177,Old
3178,Old
3179,Old
3180,Recent
3181,New
3182,Old
3183,Old
3184,Very Old
3185,Old
3186,Old
3187,Old
3188,Old
3189,Very Old
3190,Very Old
3191,Very Old
3192,Recent
3193,Recent
3194,Recent
3195,Old
3196,Very Old
3197,Old
3198,Old
3199,Recent
3200,Old
3201,Old
3202,New
3203,New
3204,New
3205,Old
3206,Very Old
3207,Very Old
3208,Recent
3209,Recent
3210,Old
3211,Old
3212,New
3213,New
3214,Recent
3215,Recent
3216,Recent
3217,Recent
3218,Recent
3219,Recent
3220,Old
3221,New
3222,Old
3223,Old
3224,Old
3225,New
3226,Old
3227,Old
3228,Very Old
3229,Recent
3230,Very Old
3231,Very Old
3232,Very Old
3233,Recent
3234,Recent
3235,Recent
3236,Recent
3237,Very Old
3238,Recent
3239,Old
3240,Old
3241,New
3242,Recent
3243,Very Old
3244,Very Old
3245,Recent
3246,Old
3247,Recent
3248,New
3249,Very Old
3250,Old
3251,Very Old
3252,Recent
3253,Recent
3254,Old
3255,Very Old
3256,New
3257,Recent
3258,Old
3259,Old
3260,New
3261,Old
3262,Recent
3263,New
3264,Very Old
3265,Recent
3266,Very Old
3267,Recent
3268,Very Old
3269,Very Old
3270,New
3271,Very Old
3272,New
3273,Very Old
3274,Recent
3275,Very Old
3276,Recent
3277,Very Old
3278,New
3279,Recent
3280,New
3281,Recent
3282,Old
3283,Recent
3284,Recent
3285,Old
3286,Very Old
3287,Old
3288,Recent
3289,Old
3290,Old
3291,Old
3292,New
3293,Recent
3294,Recent
3295,New
3296,Very Old
3297,Old
3298,Very Old
3299,Old
3300,Old
3301,Recent
3302,New
3303,Old
3304,Old
3305,Old
3306,New
3307,Old
3308,Recent
3309,Old
3310,New
3311,Very Old
3312,Old
3313,New
3314,Very Old
3315,Very Old
3316,Old
3317,Recent
3318,Recent
3319,Very Old
3320,Recent
3321,Recent
3322,Recent
3323,New
3324,Old
3325,Very Old
3326,Recent
3327,Old
3328,Old
3329,Old
3330,Old
3331,Recent
3332,Old
3333,Recent
3334,Old
3335,Old
3336,Very Old
3337,Old
3338,New
3339,Old
3340,Recent
3341,Very Old
3342,Old
3343,Old
3344,Recent
3345,Recent
3346,Recent
3347,Old
3348,Old
3349,Very Old
3350,Recent
3351,Old
3352,Old
3353,Recent
3354,Recent
3355,Old
3356,Very Old
3357,New
3358,Recent
3359,Old
3360,Old
3361,Old
3362,Very Old
3363,Recent
3364,Old
3365,Recent
3366,Old
3367,Old
3368,Recent
3369,Recent
3370,Old
3371,Very Old
3372,Very Old
3373,Old
3374,Old
3375,New
3376,Old
3377,Old
3378,Very Old
3379,Recent
3380,Very Old
3381,Very Old
3382,Recent
3383,New
3384,Very Old
3385,Recent
3386,Old
3387,Recent
3388,Recent
3389,New
3390,Recent
3391,Very Old
3392,Old
3393,Recent
3394,Old
3395,Old
3396,Very Old
3397,Old
3398,New
3399,Very Old
3400,Old
3401,Old
3402,Recent
3403,Recent
3404,Old
3405,Old
3406,Old
3407,Old
3408,Very Old
3409,New
3410,Very Old
3411,Recent
3412,Old
3413,Recent
3414,Very Old
3415,Very Old
3416,Recent
3417,New
3418,New
3419,Old
3420,Very Old
3421,New
3422,Old
3423,Recent
3424,Very Old
3425,Recent
3426,Recent
3427,Old
3428,Old
3429,Very Old
3430,Recent
3431,Old
3432,Recent
3433,New
3434,New
3435,Old
3436,Recent
3437,Old
3438,Recent
3439,Very Old
3440,Old
3441,Recent
3442,Recent
3443,Very Old
3444,Old
3445,Very Old
3446,Recent
3447,Very Old
3448,Very Old
3449,Old
3450,Old
3451,Recent
3452,New
3453,Very Old
3454,Very Old
3455,Old
3456,Recent
3457,New
3458,Recent
3459,Old
3460,Old
3461,Very Old
3462,Recent
3463,Recent
3464,Recent
3465,Old
3466,Recent
3467,Very Old
3468,Old
3469,Very Old
3470,Very Old
3471,New
3472,New
3473,Old
3474,Old
3475,Recent
3476,New
3477,Recent
3478,Old
3479,Old
3480,Old
3481,Old
3482,Recent
3483,Recent
3484,Very Old
3485,New
3486,Old
3487,Recent
3488,Old
3489,Recent
3490,Old
3491,Very Old
3492,Very Old
3493,New
3494,New
3495,Very Old
3496,Recent
3497,Very Old
3498,New
3499,Old
3500,Old
3501,Old
3502,Old
3503,Old
3504,Very Old
3505,Old
3506,New
3507,Old
3508,Very Old
3509,Recent
3510,Recent
3511,Old
3512,Recent
3513,Recent
3514,Recent
3515,Old
3516,Recent
3517,Recent
3518,New
3519,Old
3520,New
3521,Recent
3522,Very Old
3523,Recent
3524,Recent
3525,Very Old
3526,New
3527,Recent
3528,Old
3529,Very Old
3530,Very Old
3531,New
3532,Old
3533,Recent
3534,Very Old
3535,Old
3536,Recent
3537,New
3538,Old
3539,Recent
3540,Very Old
3541,Old
3542,Very Old
3543,Recent
3544,Old
3545,Old
3546,Very Old
3547,Recent
3548,Very Old
3549,Very Old
3550,Recent
3551,Old
3552,Recent
3553,Very Old
3554,New
3555,Very Old
3556,Very Old
3557,Old
3558,New
3559,Very Old
3560,Very Old
3561,Very Old
3562,Old
3563,Old
3564,Very Old
3565,New
3566,Old
3567,Old
3568,New
3569,Very Old
3570,Recent
3571,Old
3572,Old
3573,Recent
3574,Very Old
3575,Old
3576,New
3577,New
3578,Very Old
3579,Old
3580,Old
3581,Very Old
3582,Very Old
3583,Old
3584,Recent
3585,Very Old
3586,New
3587,Old
3588,Recent
3589,New
3590,New
3591,Very Old
3592,Old
3593,Recent
3594,Recent
3595,Old
3596,Old
3597,Old
3598,Very Old
3599,Very Old
3600,Very Old
3601,New
3602,Very Old
3603,Recent
3604,Old
3605,Old
3606,New
3607,Very Old
3608,Old
3609,Old
3610,Recent
3611,Very Old
3612,Very Old
3613,Recent
3614,Recent
3615,Old
3616,Recent
3617,Very Old
3618,Old
3619,Very Old
3620,Old
3621,Recent
3622,Old
3623,Old
3624,Very Old
3625,Old
3626,Old
3627,Very Old
3628,Old
3629,Recent
3630,Old
3631,Recent
3632,Old
3633,Old
3634,Old
3635,Recent
3636,New
3637,Very Old
3638,Old
3639,Old
3640,Very Old
3641,Old
3642,Recent
3643,New
3644,Recent
3645,Very Old
3646,Old
3647,Recent
3648,New
3649,Old
3650,Recent
3651,Old
3652,Old
3653,Recent
3654,Very Old
3655,Recent
3656,Old
3657,Very Old
3658,Old
3659,Old
3660,New
3661,Old
3662,Old
3663,Very Old
3664,Old
3665,Very Old
3666,Old
3667,Old
3668,Old
3669,Very Old
3670,Very Old
3671,Very Old
3672,Old
3673,Recent
3674,New
3675,Recent
3676,Very Old
3677,Very Old
3678,Recent
3679,Old
3680,New
3681,Recent
3682,Old
3683,Very Old
3684,Very Old
3685,Old
3686,Very Old
3687,Old
3688,Recent
3689,Very Old
3690,New
3691,Very Old
3692,Old
3693,New
3694,Recent
3695,Recent
3696,Very Old
3697,Old
3698,Very Old
3699,Recent
3700,New
3701,Old
3702,Very Old
3703,New
3704,Old
3705,Very Old
3706,New
3707,Very Old
3708,Old
3709,Recent
3710,New
3711,Recent
3712,Old
3713,Very Old
3714,Very Old
3715,Old
3716,Old
3717,New
3718,Very Old
3719,Old
3720,Old
3721,Recent
3722,Very Old
3723,Old
3724,Very Old
3725,New
3726,Very Old
3727,Old
3728,Recent
3729,New
3730,Recent
3731,New
3732,Very Old
3733,Very Old
3734,Recent
3735,New
3736,Very Old
3737,Very Old
3738,Recent
3739,Very Old
3740,Recent
3741,Very Old
3742,Old
3743,Very Old
3744,New
3745,New
3746,Recent
3747,Old
3748,Old
3749,Recent
3750,Very Old
3751,Old
3752,Very Old
3753,Old
3754,Old
3755,Old
3756,New
3757,Old
3758,Old
3759,Old
3760,New
3761,Recent
3762,Old
3763,Old
3764,Very Old
3765,New
3766,New
3767,Very Old
3768,Recent
3769,New
3770,Recent
3771,Recent
3772,Recent
3773,New
3774,Very Old
3775,Recent
3776,Old
3777,Recent
3778,Recent
3779,Old
3780,Old
3781,Old
3782,Old
3783,Old
3784,Recent
3785,Old
3786,Recent
3787,Old
3788,Old
3789,Old
3790,Very Old
3791,Recent
3792,Recent
3793,Old
3794,Old
3795,Recent
3796,New
3797,New
3798,Very Old
3799,Recent
3800,Recent
3801,Recent
3802,Old
3803,Very Old
3804,Recent
3805,Recent
3806,Old
3807,Recent
3808,Recent
3809,New
3810,Old
3811,New
3812,New
3813,Very Old
3814,Very Old
3815,Recent
3816,Old
3817,Very Old
3818,Very Old
3819,Very Old
3820,New
3821,Old
3822,Recent
3823,Very Old
3824,Old
3825,Recent
3826,Very Old
3827,Old
3828,Very Old
3829,New
3830,Old
3831,Very Old
3832,Old
3833,Very Old
3834,New
3835,Old
3836,Recent
3837,Old
3838,Very Old
3839,New
3840,New
3841,New
3842,Old
3843,New
3844,Very Old
3845,Recent
3846,Recent
3847,Old
3848,Recent
3849,Very Old
3850,Recent
3851,New
3852,Very Old
3853,Old
3854,Old
3855,Recent
3856,New
3857,Recent
3858,Old
3859,Old
3860,Recent
3861,Old
3862,Old
3863,Very Old
3864,New
3865,Recent
3866,Recent
3867,New
3868,Old
3869,Old
3870,Recent
3871,Very Old
3872,Recent
3873,Very Old
3874,Very Old
3875,Recent
3876,Old
3877,Old
3878,Recent
3879,Very Old
3880,Old
3881,Recent
3882,Recent
3883,Old
3884,Recent
3885,Old
3886,Old
3887,Old
3888,Very Old
3889,Old
3890,New
3891,Very Old
3892,Very Old
3893,Old
3894,New
3895,Old
3896,New
3897,Recent
3898,New
3899,Old
3900,Recent
3901,New
3902,Very Old
3903,Very Old
3904,Recent
3905,Old
3906,Old
3907,Old
3908,Very Old
3909,Recent
3910,Very Old
3911,Old
3912,New
3913,Old
3914,Old
3915,New
3916,Very Old
3917,Very Old
3918,New
3919,Old
3920,Old
3921,Very Old
3922,Recent
3923,New
3924,New
3925,Old
3926,Very Old
3927,New
3928,Very Old
3929,Recent
3930,Very Old
3931,Old
3932,Recent
3933,Old
3934,Very Old
3935,Recent
3936,New
3937,Very Old
3938,Old
3939,Very Old
3940,Very Old
3941,Very Old
3942,Very Old
3943,Old
3944,Very Old
3945,Old
3946,Old
3947,Recent
3948,Old
3949,Very Old
3950,Old
3951,Very Old
3952,Old
3953,Very Old
3954,Very Old
3955,Recent
3956,Old
3957,Recent
3958,Very Old
3959,Very Old
3960,Recent
3961,Old
3962,Recent
3963,Very Old
3964,Recent
3965,New
3966,Old
3967,New
3968,Very Old
3969,Recent
3970,Recent
3971,Old
3972,Old
3973,Old
3974,Recent
3975,New
3976,Recent
3977,Recent
3978,Recent
3979,Old
3980,Old
3981,Old
3982,Very Old
3983,Recent
3984,Recent
3985,Recent
3986,Recent
3987,Old
3988,Old
3989,New
3990,Recent
3991,Recent
3992,Recent
3993,New
3994,Very Old
3995,Old
3996,Very Old
3997,Recent
3998,Old
3999,Old
4000,Old
4001,Recent
4002,Old
4003,Recent
4004,Old
4005,Old
4006,Recent
4007,Recent
4008,Old
4009,Old
4010,New
4011,Recent
4012,Old
4013,New
4014,Recent
4015,Old
4016,Old
4017,Old
4018,Recent
4019,Old
4020,Recent
4021,New
4022,Very Old
4023,Recent
4024,Very Old
4025,Very Old
4026,New
4027,New
4028,Recent
4029,Very Old
4030,New
4031,New
4032,Old
4033,Very Old
4034,Old
4035,New
4036,Old
4037,New
4038,Very Old
4039,Old
4040,Recent
4041,Recent
4042,Very Old
4043,Old
4044,Old
4045,New
4046,Recent
4047,Very Old
4048,Recent
4049,Very Old
4050,Old
4051,New
4052,Old
4053,Recent
4054,Old
4055,Old
4056,Recent
4057,New
4058,Recent
4059,Old
4060,New
4061,Very Old
4062,Recent
4063,Very Old
4064,Old
4065,Recent
4066,Old
4067,Recent
4068,New
4069,Recent
4070,Old
4071,Very Old
4072,New
4073,Old
4074,Recent
4075,Old
4076,Recent
4077,Very Old
4078,Old
4079,Old
4080,Old
4081,New
4082,Old
4083,Recent
4084,Very Old
4085,Very Old
4086,Recent
4087,Old
4088,Old
4089,New
4090,New
4091,New
4092,Old
4093,New
4094,Old
4095,Very Old
4096,Old
4097,Recent
4098,Very Old
4099,Old
4100,Old
4101,New
4102,Old
4103,Recent
4104,Recent
4105,Old
4106,Recent
4107,Recent
4108,Recent
4109,Old
4110,Old
4111,Old
4112,Recent
4113,Recent
4114,Very Old
4115,Old
4116,Recent
4117,Old
4118,Old
4119,Old
4120,New
4121,Very Old
4122,Old
4123,Old
4124,Very Old
4125,New
4126,New
4127,Recent
4128,Very Old
4129,Very Old
4130,Recent
4131,Old
4132,Recent
4133,Recent
4134,New
4135,Recent
4136,Old
4137,Recent
4138,Very Old
4139,Recent
4140,Old
4141,New
4142,Very Old
4143,Very Old
4144,Recent
4145,Old
4146,Old
4147,Very Old
4148,Recent
4149,Recent
4150,Old
4151,Old
4152,Old
4153,Old
4154,Recent
4155,New
4156,Old
4157,New
4158,New
4159,Recent
4160,Old
4161,Old
4162,Old
4163,Old
4164,Old
4165,Very Old
4166,Old
4167,Very Old
4168,Recent
4169,New
4170,Recent
4171,Old
4172,Recent
4173,Old
4174,Recent
4175,New
4176,Very Old
4177,Very Old
4178,New
4179,Recent
4180,Old
4181,New
4182,Old
4183,Old
4184,Very Old
4185,New
4186,New
4187,Old
4188,Recent
4189,Recent
4190,Old
4191,Very Old
4192,Very Old
4193,Very Old
4194,Very Old
4195,Recent
4196,Recent
4197,New
4198,Very Old
4199,Very Old
4200,Recent
4201,Recent
4202,Old
4203,Old
4204,Very Old
4205,Recent
4206,Recent
4207,Old
4208,Old
4209,New
4210,New
4211,Recent
4212,Recent
4213,Recent
4214,Old
4215,Old
4216,Old
4217,Old
4218,Old
4219,Recent
4220,Very Old
4221,New
4222,Recent
4223,Recent
4224,New
4225,Old
4226,Very Old
4227,Recent
4228,Very Old
4229,Old
4230,Old
4231,New
4232,Very Old
4233,Old
4234,Old
4235,Very Old
4236,Very Old
4237,Recent
4238,Old
4239,New
4240,Recent
4241,Old
4242,Old
4243,Old
4244,Old
4245,Very Old
4246,Recent
4247,Recent
4248,Very Old
4249,Very Old
4250,Very Old
4251,Very Old
4252,Old
4253,Recent
4254,Old
4255,Very Old
4256,Old
4257,Recent
4258,Recent
4259,Very Old
4260,Very Old
4261,Very Old
4262,Recent
4263,Old
4264,New
4265,Recent
4266,Very Old
4267,Recent
4268,Recent
4269,Very Old
4270,Very Old
4271,Very Old
4272,New
4273,Recent
4274,Very Old
4275,Very Old
4276,Recent
4277,Recent
4278,Old
4279,Recent
4280,New
4281,New
4282,Recent
4283,Very Old
4284,Very Old
4285,Very Old
4286,New
4287,New
4288,Old
4289,Old
4290,Old
4291,Very Old
4292,Very Old
4293,Recent
4294,Old
4295,Old
4296,Recent
4297,Old
4298,Old
4299,Recent
4300,New
4301,Recent
4302,Recent
4303,Very Old
4304,Recent
4305,New
4306,Old
4307,New
4308,Recent
4309,Recent
4310,Recent
4311,Recent
4312,New
4313,Old
4314,Very Old
4315,New
4316,Recent
4317,New
4318,Recent
4319,New
4320,Old
4321,New
4322,Recent
4323,Old
4324,Old
4325,Very Old
4326,Old
4327,New
4328,Old
4329,Recent
4330,Old
4331,New
4332,New
4333,Old
4334,Very Old
4335,Recent
4336,Old
4337,New
4338,Very Old
4339,Very Old
4340,Recent
4341,Old
4342,Old
4343,Old
4344,New
4345,Recent
4346,Old
4347,Recent
4348,New
4349,New
4350,Old
4351,Old
4352,Recent
4353,Very Old
4354,New
4355,Very Old
4356,Old
4357,Very Old
4358,Recent
4359,Recent
4360,Very Old
4361,Old
4362,Very Old
4363,Old
4364,New
4365,Old
4366,Recent
4367,New
4368,Recent
4369,Very Old
4370,Very Old
4371,Recent
4372,Very Old
4373,Old
4374,Old
4375,Recent
4376,Very Old
4377,Very Old
4378,Recent
4379,Very Old
4380,Recent
4381,Old
4382,Old
4383,Recent
4384,Old
4385,Recent
4386,Very Old
4387,Recent
4388,Recent
4389,Old
4390,Very Old
4391,New
4392,Old
4393,Old
4394,Recent
4395,Old
4396,Recent
4397,Old
4398,Old
4399,Very Old
4400,Recent
4401,Recent
4402,Recent
4403,Very Old
4404,Old
4405,Old
4406,Recent
4407,New
4408,Old
4409,Old
4410,Recent
4411,New
4412,Recent
4413,Old
4414,Old
4415,Old
4416,New
4417,Old
4418,Very Old
4419,Very Old
4420,Old
4421,Recent
4422,New
4423,Very Old
4424,Recent
4425,Old
4426,Recent
4427,Very Old
4428,Very Old
4429,Old
4430,Recent
4431,Old
4432,Very Old
4433,Old
4434,Very Old
4435,Recent
4436,Old
4437,Very Old
4438,Recent
4439,Very Old
4440,New
4441,New
4442,Very Old
4443,Recent
4444,Very Old
4445,New
4446,New
4447,Old
4448,New
4449,Recent
4450,New
4451,Old
4452,Recent
4453,Old
4454,Recent
4455,Old
4456,Recent
4457,Old
4458,Very Old
4459,Old
4460,Recent
4461,New
4462,Recent
4463,Old
4464,Recent
4465,Old
4466,Recent
4467,New
4468,New
4469,Very Old
4470,Very Old
4471,Very Old
4472,Old
4473,Very Old
4474,Very Old
4475,New
4476,Very Old
4477,New
4478,Very Old
4479,Recent
4480,Very Old
4481,Old
4482,Old
4483,Recent
4484,Old
4485,Recent
4486,New
4487,Recent
4488,Recent
4489,Very Old
4490,Recent
4491,Old
4492,Old
4493,Very Old
4494,Old
4495,Recent
4496,Very Old
4497,Very Old
4498,Very Old
4499,Very Old
4500,Old
4501,Old
4502,New
4503,Old
4504,Recent
4505,Very Old
4506,Old
4507,Recent
4508,Very Old
4509,Very Old
4510,New
4511,New
4512,Old
4513,New
4514,New
4515,Recent
4516,Very Old
4517,Old
4518,New
4519,Recent
4520,Old
4521,Old
4522,New
4523,Recent
4524,Old
4525,Old
4526,Recent
4527,Recent
4528,Old
4529,New
4530,New
4531,New
4532,Very Old
4533,Recent
4534,Recent
4535,Old
4536,Old
4537,Old
4538,Old
4539,Recent
4540,New
4541,Very Old
4542,New
4543,Recent
4544,Old
4545,Recent
4546,Very Old
4547,Very Old
4548,Recent
4549,Recent
4550,Very Old
4551,New
4552,Very Old
4553,Old
4554,Recent
4555,Recent
4556,Old
4557,Old
4558,Old
4559,Very Old
4560,Very Old
4561,Old
4562,Very Old
4563,Old
4564,Old
4565,Very Old
4566,New
4567,Very Old
4568,Very Old
4569,Old
4570,Old
4571,Recent
4572,New
4573,Old
4574,Very Old
4575,Old
4576,Old
4577,Old
4578,Recent
4579,Recent
4580,Old
4581,Very Old
4582,Recent
4583,Very Old
4584,Old
4585,Recent
4586,Old
4587,Old
4588,Very Old
4589,Recent
4590,Old
4591,Old
4592,Very Old
4593,Old
4594,Very Old
4595,Recent
4596,Recent
4597,Old
4598,Recent
4599,Recent
4600,Old
4601,Very Old
4602,Very Old
4603,Old
4604,New
4605,Old
4606,Old
4607,New
4608,Very Old
4609,Old
4610,Old
4611,Old
4612,Recent
4613,Very Old
4614,Old
4615,Old
4616,Very Old
4617,Old
4618,Old
4619,Recent
4620,Old
4621,Old
4622,Very Old
4623,Old
4624,Very Old
4625,Very Old
4626,Old
4627,Old
4628,Very Old
4629,Old
4630,Recent
4631,Old
4632,Very Old
4633,Old
4634,Old
4635,New
4636,New
4637,Recent
4638,Very Old
4639,New
4640,Recent
4641,Recent
4642,Very Old
4643,New
4644,Recent
4645,Old
4646,Recent
4647,Very Old
4648,Very Old
4649,Very Old
4650,Recent
4651,Old
4652,Very Old
4653,Recent
4654,Very Old
4655,New
4656,New
4657,Old
4658,New
4659,Old
4660,Recent
4661,Very Old
4662,Very Old
4663,Old
4664,Very Old
4665,Recent
4666,Recent
4667,New
4668,Very Old
4669,Old
4670,Old
4671,New
4672,Recent
4673,Old
4674,Very Old
4675,Very Old
4676,Very Old
4677,Very Old
4678,Very Old
4679,Old
4680,Old
4681,Very Old
4682,Recent
4683,Recent
4684,Old
4685,Old
4686,Recent
4687,Old
4688,New
4689,Very Old
4690,Old
4691,Old
4692,New
4693,Old
4694,New
4695,Very Old
4696,Very Old
4697,Recent
4698,Very Old
4699,Very Old
4700,Recent
4701,Very Old
4702,Old
4703,Old
4704,New
4705,Recent
4706,Old
4707,Old
4708,Recent
4709,Old
4710,Recent
4711,Recent
4712,Old
4713,Very Old
4714,Old
4715,Old
4716,New
4717,Very Old
4718,Old
4719,New
4720,Very Old
4721,Old
4722,Very Old
4723,Recent
4724,New
4725,Recent
4726,Recent
4727,Very Old
4728,Old
4729,Recent
4730,Old
4731,Very Old
4732,Old
4733,Old
4734,Old
4735,Very Old
4736,Very Old
4737,Old
4738,Very Old
4739,Recent
4740,Old
4741,Old
4742,Very Old
4743,Recent
4744,Recent
4745,Old
4746,Old
4747,Old
4748,Recent
4749,Old
4750,Old
4751,Old
4752,New
4753,Very Old
4754,Old
4755,Very Old
4756,New
4757,Old
4758,Old
4759,Old
4760,Very Old
4761,New
4762,Recent
4763,Recent
4764,Very Old
4765,Very Old
4766,Recent
4767,Very Old
4768,Very Old
4769,Old
4770,New
4771,Very Old
4772,Very Old
4773,Old
4774,Very Old
4775,Very Old
4776,Very Old
4777,New
4778,Recent
4779,Recent
4780,New
4781,Very Old
4782,Very Old
4783,New
4784,Recent
4785,Recent
4786,Old
4787,Old
4788,Old
4789,Recent
4790,Recent
4791,Recent
4792,Old
4793,Recent
4794,New
4795,New
4796,Very Old
4797,Very Old
4798,New
4799,Very Old
4800,Old
4801,New
4802,Old
4803,Old
4804,Very Old
4805,Recent
4806,Old
4807,Very Old
4808,Recent
4809,Old
4810,Recent
4811,New
4812,Recent
4813,Recent
4814,Recent
4815,New
4816,Recent
4817,Old
4818,Recent
4819,Very Old
4820,New
4821,Old
4822,Old
4823,Old
4824,Very Old
4825,Very Old
4826,Old
4827,Recent
4828,Old
4829,Recent
4830,Old
4831,Old
4832,Recent
4833,Old
4834,Very Old
4835,Recent
4836,Recent
4837,Very Old
4838,Very Old
4839,Recent
4840,New
4841,Old
4842,Old
4843,Old
4844,Recent
4845,Recent
4846,Recent
4847,Very Old
4848,Very Old
4849,Recent
4850,New
4851,Old
4852,Recent
4853,Very Old
4854,Old
4855,Recent
4856,Old
4857,Old
4858,Very Old
4859,Very Old
4860,Recent
4861,Old
4862,New
4863,New
4864,Very Old
4865,Recent
4866,Recent
4867,Recent
4868,Recent
4869,Recent
4870,Recent
4871,New
4872,New
4873,New
4874,Recent
4875,Old
4876,New
4877,New
4878,New
4879,Recent
4880,Recent
4881,Old
4882,Very Old
4883,New
4884,Old
4885,Old
4886,Recent
4887,New
4888,New
4889,Recent
4890,Old
4891,Old
4892,Old
4893,New
4894,Recent
4895,Recent
4896,New
4897,Very Old
4898,Old
4899,Very Old
4900,Very Old
4901,New
4902,Old
4903,Old
4904,Recent
4905,Recent
4906,Old
4907,New
4908,Old
4909,New
4910,Old
4911,Old
4912,Old
4913,Old
4914,Recent
4915,Old
4916,New
4917,Very Old
4918,Old
4919,New
4920,Very Old
4921,Old
4922,New
4923,Old
4924,Recent
4925,Recent
4926,Old
4927,Old
4928,Old
4929,New
4930,New
4931,Very Old
4932,Old
4933,Old
4934,Old
4935,Recent
4936,Old
4937,Old
4938,New
4939,Recent
4940,Old
4941,Very Old
4942,Recent
4943,New
4944,Recent
4945,Recent
4946,New
4947,New
4948,Old
4949,New
4950,New
4951,Old
4952,Recent
4953,Recent
4954,Recent
4955,Very Old
4956,Old
4957,Very Old
4958,Recent
4959,New
4960,New
4961,Recent
4962,Old
4963,Recent
4964,Old
4965,Recent
4966,Old
4967,Recent
4968,Recent
4969,Very Old
4970,Recent
4971,Very Old
4972,Recent
4973,Recent
4974,Recent
4975,Recent
4976,New
4977,Recent
4978,Old
4979,Very Old
4980,Old
4981,Recent
4982,Recent
4983,Old
4984,Old
4985,Very Old
4986,Recent
4987,New
4988,Very Old
4989,Very Old
4990,New
4991,Old
4992,Very Old
4993,Recent
4994,Old
4995,Very Old
4996,Old
4997,Very Old
4998,Old
4999,Old
5000,Very Old
5001,New
5002,Old
5003,Old
5004,Very Old
5005,Old
5006,Old
5007,Very Old
5008,Very Old
5009,Recent
5010,Very Old
5011,Old
5012,Old
5013,Old
5014,Recent
5015,Old
5016,New
5017,Recent
5018,New
5019,Very Old
5020,Recent
5021,Old
5022,New
5023,Recent
5024,Recent
5025,Recent
5026,New
5027,Old
5028,Recent
5029,Old
5030,Recent
5031,Old
5032,Old
5033,Recent
5034,Old
5035,Very Old
5036,Old
5037,Recent
5038,Old
5039,Recent
5040,Recent
5041,New
5042,Recent
5043,Very Old
5044,New
5045,Recent
5046,New
5047,Recent
5048,Recent
5049,Recent
5050,New
5051,Recent
5052,Old
5053,Recent
5054,New
5055,New
5056,New
5057,Recent
5058,Old
5059,Very Old
5060,Old
5061,Recent
5062,Old
5063,New
5064,Old
5065,Very Old
5066,Very Old
5067,Old
5068,Old
5069,Recent
5070,Old
5071,New
5072,Very Old
5073,Old
5074,New
5075,Old
5076,Recent
5077,Recent
5078,Recent
5079,New
5080,Old
5081,New
5082,Very Old
5083,Old
5084,Recent
5085,Old
5086,Old
5087,Old
5088,New
5089,Very Old
5090,Very Old
5091,Very Old
5092,Very Old
5093,Recent
5094,Very Old
5095,Very Old
5096,Old
5097,Old
5098,Very Old
5099,Recent
5100,Old
